"Aleutians East, AK",0
"Aleutians West, AK",0
"Anchorage, AK",0
"Angoon, AK",0
"Bethel, AK",0
"Bristol Bay, AK",0
"Denali, AK",0
"Dillingham, AK",0
"Fairbanks North Stark, AK",0
"Haines, AK",0
"Hoonah, AK",0
"Juneau, AK",0
"Kenai Peninsula, AK",0
"Ketchikan Gateway, AK",0
"Kodiak Island, AK",0
"Lake and Peninsula, AK",0
"Matanuska-Susitna, AK",0
"Nome, AK",0
"North Slope, AK",0
"Northwest Arctic, AK",0
"Petersburg, AK",0
"Prince Of Wales-Hyder, AK",0
"SE Fairbanks, AK",0
"Sitka, AK",0
"Skagway, AK",0
"Valdez-Cordova, AK",0
"Wade Hampton, AK",0
"Wrangell, AK",0
"Yakutat, AK",0
"Yukon-Koyukuk, AK",0
"Autauga, AL",0
"Baldwin, AL",0
"Barbour, AL",0
"Bibb, AL",0
"Blount, AL",0
"Bullock, AL",0
"Butler, AL",0
"Calhoun, AL",0
"Chambers, AL",0
"Cherokee, AL",0
"Chilton, AL",0
"Choctaw, AL",0
"Clarke, AL",0
"Clay, AL",0
"Cleburne, AL",0
"Coffee, AL",0
"Colbert, AL",0
"Conecuh, AL",0
"Coosa, AL",0
"Covington, AL",0
"Crenshaw, AL",0
"Cullman, AL",0
"Dale, AL",0
"Dallas, AL",0
"DeKalb, AL",0
"Elmore, AL",0
"Escambia, AL",0
"Etowah, AL",0
"Fayette, AL",0
"Franklin, AL",0
"Geneva, AL",0
"Greene, AL",0
"Hale, AL",0
"Henry, AL",0
"Houston, AL",0
"Jackson, AL",0
"Jefferson, AL",0
"Lamar, AL",0
"Lauderdale, AL",0
"Lawrence, AL",0
"Lee, AL",0
"Limestone, AL",0
"Lowndes, AL",0
"Macon, AL",0
"Madison, AL",0
"Marengo, AL",0
"Marion, AL",0
"Marshall, AL",0
"Mobile, AL",0
"Monroe, AL",0
"Montgomery, AL",0
"Morgan, AL",0
"Perry, AL",0
"Pickens, AL",0
"Pike, AL",0
"Randolph, AL",0
"Russell, AL",0
"Shelby, AL",0
"St. Clair, AL",0
"Sumter, AL",0
"Talladega, AL",0
"Tallapoosa, AL",0
"Tuscaloosa, AL",0
"Walker, AL",0
"Washington, AL",0
"Wilcox, AL",0
"Winston, AL",0
"Arkansas, AR",0
"Ashley, AR",0
"Baxter, AR",0
"Benton, AR",0
"Boone, AR",0
"Bradley, AR",0
"Calhoun, AR",0
"Carroll, AR",0
"Chicot, AR",0
"Clark, AR",0
"Clay, AR",0
"Cleburne, AR",0
"Cleveland, AR",0
"Columbia, AR",0
"Conway, AR",0
"Craighead, AR",0
"Crawford, AR",0
"Crittenden, AR",0
"Cross, AR",0
"Dallas, AR",0
"Desha, AR",0
"Drew, AR",0
"Faulkner, AR",0
"Franklin, AR",0
"Fulton, AR",0
"Garland, AR",0
"Grant, AR",0
"Greene, AR",0
"Hempstead, AR",0
"Hot Spring, AR",0
"Howard, AR",0
"Independence, AR",0
"Izard, AR",0
"Jackson, AR",0
"Jefferson, AR",0
"Johnson, AR",0
"Lafayette, AR",0
"Lawrence, AR",0
"Lee, AR",0
"Lincoln, AR",0
"Little River, AR",0
"Logan, AR",0
"Lonoke, AR",0
"Madison, AR",0
"Marion, AR",0
"Miller, AR",0
"Mississippi, AR",0
"Monroe, AR",0
"Montgomery, AR",0
"Nevada, AR",0
"Newton, AR",0
"Ouachita, AR",0
"Perry, AR",0
"Phillips, AR",0
"Pike, AR",0
"Poinsett, AR",0
"Polk, AR",0
"Pope, AR",0
"Prairie, AR",0
"Pulaski, AR",0
"Randolph, AR",0
"Saline, AR",0
"Scott, AR",0
"Searcy, AR",0
"Sebastian, AR",0
"Sevier, AR",0
"Sharp, AR",0
"St. Francis, AR",0
"Stone, AR",0
"Union, AR",0
"Van Buren, AR",0
"Washington, AR",0
"White, AR",0
"Woodruff, AR",0
"Yell, AR",0
"Apache, AZ",0
"Cochise, AZ",0
"Coconino, AZ",0
"Gila, AZ",0
"Graham, AZ",0
"Greenlee, AZ",0
"La Paz, AZ",0
"Maricopa, AZ",0
"Mohave, AZ",0
"Navajo, AZ",0
"Pima, AZ",0
"Pinal, AZ",0
"Santa Cruz, AZ",0
"Yavapai, AZ",0
"Yuma, AZ",0
"Alameda, CA",0
"Alpine, CA",0
"Amador, CA",0
"Butte, CA",0
"Calaveras, CA",0
"Colusa, CA",0
"Contra Costa, CA",0
"Del Norte, CA",0
"El Dorado, CA",0
"Fresno, CA",0
"Glenn, CA",0
"Humboldt, CA",0
"Imperial, CA",0
"Inyo, CA",0
"Kern, CA",0
"Kings, CA",0
"Lake, CA",0
"Lassen, CA",0
"Los Angeles, CA",0
"Madera, CA",0
"Marin, CA",0
"Mariposa, CA",0
"Mendocino, CA",0
"Merced, CA",0
"Modoc, CA",0
"Mono, CA",0
"Monterey, CA",0
"Napa, CA",0
"Nevada, CA",0
"Orange, CA",0
"Placer, CA",0
"Plumas, CA",0
"Riverside, CA",0
"Sacramento, CA",0
"San Benito, CA",0
"San Bernardino, CA",0
"San Diego, CA",0
"San Franciso, CA",0
"San Joaquin, CA",0
"San Luis Obispo, CA",0
"San Mateo, CA",0
"Santa Barbara, CA",0
"Santa Clara, CA",0
"Santa Cruz, CA",0
"Shasta, CA",0
"Sierra, CA",0
"Siskiyou, CA",0
"Solano, CA",0
"Sonoma, CA",0
"Stanislaus, CA",0
"Sutter, CA",0
"Tehama, CA",0
"Trinity, CA",0
"Tulare, CA",0
"Tuolumne, CA",0
"Ventura, CA",0
"Yolo, CA",0
"Yuba, CA",0
"Adams, CO",0
"Alamosa, CO",0
"Arapahoe, CO",0
"Archuleta, CO",0
"Baca, CO",0
"Bent, CO",0
"Boulder, CO",0
"Broomfield, CO",0
"Chaffee, CO",0
"Cheyenne, CO",0
"Clear Creek, CO",0
"Conejos, CO",0
"Costilla, CO",0
"Crowley, CO",0
"Custer, CO",0
"Delta, CO",0
"Denver, CO",0
"Dolores, CO",0
"Douglas, CO",0
"Eagle, CO",0
"El Paso, CO",0
"Elbert, CO",0
"Fremont, CO",0
"Garfield, CO",0
"Gilpin, CO",0
"Grand, CO",0
"Gunnison, CO",0
"Hinsdale, CO",0
"Huerfano, CO",0
"Jackson, CO",0
"Jefferson, CO",0
"Kiowa, CO",0
"Kit Carson, CO",0
"La Plata, CO",0
"Lake, CO",0
"Larimer, CO",0
"Las Animas, CO",0
"Lincoln, CO",0
"Logan, CO",0
"Mesa, CO",0
"Mineral, CO",0
"Moffat, CO",0
"Montezuma, CO",0
"Montrose, CO",0
"Morgan, CO",0
"Otero, CO",0
"Ouray, CO",0
"Park, CO",0
"Phillips, CO",0
"Pitkin, CO",0
"Prowers, CO",0
"Pueblo, CO",0
"Rio Blanco, CO",0
"Rio Grande, CO",0
"Routt, CO",0
"Saguache, CO",0
"San Juan, CO",0
"San Miguel, CO",0
"Sedgwick, CO",0
"Summit, CO",0
"Teller, CO",0
"Washington, CO",0
"Weld, CO",0
"Yuma, CO",0
"Fairfield, CT",0
"Hartford, CT",0
"Litchfield, CT",0
"Middlesex, CT",0
"New Haven, CT",0
"New London, CT",0
"Tolland, CT",0
"Windham, CT",0
"Washington, DC",0
"Kent, DE",0
"New Castle, DE",0
"Sussex, DE",0
"Alachua, FL",0
"Baker, FL",0
"Bay, FL",0
"Bradford, FL",0
"Brevard, FL",0
"Broward, FL",0
"Calhoun, FL",0
"Charlotte, FL",0
"Citrus, FL",0
"Clay, FL",0
"Collier, FL",0
"Columbia, FL",0
"DeSoto, FL",0
"Dixie, FL",0
"Duval, FL",0
"Escambia, FL",0
"Flagler, FL",0
"Franklin, FL",0
"Gadsden, FL",0
"Gilchrist, FL",0
"Glades, FL",0
"Gulf, FL",0
"Hamilton, FL",0
"Hardee, FL",0
"Hendry, FL",0
"Hernando, FL",0
"Highlands, FL",0
"Hillsborough, FL",0
"Holmes, FL",0
"Indian River, FL",0
"Jackson, FL",0
"Jefferson, FL",0
"Lafayette, FL",0
"Lake, FL",0
"Lee, FL",0
"Leon, FL",0
"Levy, FL",0
"Liberty, FL",0
"Madison, FL",0
"Manatee, FL",0
"Marion, FL",0
"Martin, FL",0
"Miami-Dade, FL",0
"Monroe, FL",0
"Nassau, FL",0
"Okaloosa, FL",0
"Okeechobee, FL",0
"Orandge, FL",0
"Osceola, FL",0
"Palm Beach, FL",0
"Pasco, FL",0
"Pinellas, FL",0
"Polk, FL",0
"Putnam, FL",0
"Santa Rosa, FL",0
"Sarasota, FL",0
"Seminole, FL",0
"St. Johns, FL",0
"St. Lucie, FL",0
"Sumter, FL",0
"Suwannee, FL",0
"Taylor, FL",0
"Union, FL",0
"Volusia, FL",0
"Wakulla, FL",0
"Walton, FL",0
"Washington, FL",0
"Appling, GA",0
"Atkinson, GA",0
"Bacon, GA",0
"Baker, GA",0
"Baldwin, GA",0
"Banks, GA",0
"Barrow, GA",0
"Bartow, GA",0
"Ben Hill, GA",0
"Berrien, GA",0
"Bibb, GA",0
"Bleckley, GA",0
"Brantley, GA",0
"Brooks, GA",0
"Bryan, GA",0
"Bulloch, GA",0
"Burke, GA",0
"Butts, GA",0
"Calhoun, GA",0
"Camden, GA",0
"Candler, GA",0
"Carroll, GA",0
"Catoosa, GA",0
"Charlton, GA",0
"Chatham, GA",0
"Chattahoochee, GA",0
"Chattooga, GA",0
"Cherokee, GA",0
"Clarke, GA",0
"Clay, GA",0
"Clayton, GA",0
"Clinch, GA",0
"Cobb, GA",0
"Coffee, GA",0
"Colquitt, GA",0
"Columbia, GA",0
"Cook, GA",0
"Coweta, GA",0
"Crawford, GA",0
"Crisp, GA",0
"Dade, GA",0
"Dawson, GA",0
"DeKalb, GA",0
"Decatur, GA",0
"Dodge, GA",0
"Dooly, GA",0
"Dougherty, GA",0
"Douglas, GA",0
"Early, GA",0
"Echols, GA",0
"Effingham, GA",0
"Elbert, GA",0
"Emanuel, GA",0
"Evans, GA",0
"Fannin, GA",0
"Fayette, GA",0
"Floyd, GA",0
"Forsyth, GA",0
"Franklin, GA",0
"Fulton, GA",0
"Gilmer, GA",0
"Glascock, GA",0
"Glynn, GA",0
"Gordon, GA",0
"Grady, GA",0
"Greene, GA",0
"Gwinnett, GA",0
"Habersham, GA",0
"Hall, GA",0
"Hancock, GA",0
"Haralson, GA",0
"Harris, GA",0
"Hart, GA",0
"Heard, GA",0
"Henry, GA",0
"Houston, GA",0
"Irwin, GA",0
"Jackson, GA",0
"Jasper, GA",0
"Jeff Davis, GA",0
"Jefferson, GA",0
"Jenkins, GA",0
"Johnson, GA",0
"Jones, GA",0
"Lamar, GA",0
"Lanier, GA",0
"Laurens, GA",0
"Lee, GA",0
"Liberty, GA",0
"Lincoln, GA",0
"Long, GA",0
"Lowndes, GA",0
"Lumpkin, GA",0
"Macon, GA",0
"Madison, GA",0
"Marion, GA",0
"McDuffie, GA",0
"McIntosh, GA",0
"Meriwether, GA",0
"Miller, GA",0
"Mitchell, GA",0
"Monroe, GA",0
"Montgomery, GA",0
"Morgan, GA",0
"Murray, GA",0
"Muscogee, GA",0
"Newton, GA",0
"Oconee, GA",0
"Oglethorpe, GA",0
"Paulding, GA",0
"Peach, GA",0
"Pickens, GA",0
"Pierce, GA",0
"Pike, GA",0
"Polk, GA",0
"Pulaski, GA",0
"Putnam, GA",0
"Quitman, GA",0
"Rabun, GA",0
"Randolph, GA",0
"Richmond, GA",0
"Rockdale, GA",0
"Schley, GA",0
"Screven, GA",0
"Seminole, GA",0
"Spalding, GA",0
"Stephens, GA",0
"Stewart, GA",0
"Sumter, GA",0
"Talbot, GA",0
"Taliaferro, GA",0
"Tattnall, GA",0
"Taylor, GA",0
"Telfair, GA",0
"Terrell, GA",0
"Thomas, GA",0
"Tift, GA",0
"Toombs, GA",0
"Towns, GA",0
"Treutlen, GA",0
"Troup, GA",0
"Turner, GA",0
"Twiggs, GA",0
"Union, GA",0
"Upson, GA",0
"Walker, GA",0
"Walton, GA",0
"Ware, GA",0
"Warren, GA",0
"Washington, GA",0
"Wayne, GA",0
"Webster, GA",0
"Wheeler, GA",0
"White, GA",0
"Whitfield, GA",0
"Wilcox, GA",0
"Wilkes, GA",0
"Wilkinson, GA",0
"Worth, GA",0
"Hawaii, HI",0
"Honolulu, HI",0
"Kalawao, HI",0
"Kauai, HI",0
"Maui, HI",0
"Adair, IA",0
"Adams, IA",0
"Allamakee, IA",0
"Appanoose, IA",0
"Audubon, IA",0
"Benton, IA",0
"Black Hawk, IA",0
"Boone, IA",0
"Bremer, IA",0
"Buchanan, IA",0
"Buena Vista, IA",0
"Butler, IA",0
"Calhoun, IA",0
"Carroll, IA",0
"Cass, IA",0
"Cedar, IA",0
"Cerro Gordo, IA",0
"Cherokee, IA",0
"Chickasaw, IA",0
"Clarke, IA",0
"Clay, IA",0
"Clayton, IA",0
"Clinton, IA",0
"Crawford, IA",0
"Dallas, IA",0
"Davis, IA",0
"Decatur, IA",0
"Delaware, IA",0
"Des Moines, IA",0
"Dickinson, IA",0
"Dubuque, IA",0
"Emmet, IA",0
"Fayette, IA",0
"Floyd, IA",0
"Franklin, IA",0
"Fremont, IA",0
"Greene, IA",0
"Grundy, IA",0
"Guthrie, IA",0
"Hamilton, IA",0
"Hancock, IA",0
"Hardin, IA",0
"Harrison, IA",0
"Henry, IA",0
"Howard, IA",0
"Humboldt, IA",0
"Ida, IA",0
"Iowa, IA",0
"Jackson, IA",0
"Jasper, IA",0
"Jefferson, IA",0
"Johnson, IA",0
"Jones, IA",0
"Keokuk, IA",0
"Kossuth, IA",0
"Lee, IA",0
"Linn, IA",0
"Louisa, IA",0
"Lucas, IA",0
"Lyon, IA",0
"Madison, IA",0
"Mahaska, IA",0
"Marion, IA",0
"Marshall, IA",0
"Mills, IA",0
"Mitchcell, IA",0
"Monona, IA",0
"Monroe, IA",0
"Montgomery, IA",0
"Muscatine, IA",0
"O'Brien, IA",0
"Osceola, IA",0
"Page, IA",0
"Palo Alto, IA",0
"Plymouth, IA",0
"Pocahontas, IA",0
"Polk, IA",0
"Pottawattamie, IA",0
"Poweshiek, IA",0
"Ringgold, IA",0
"Sac, IA",0
"Scott, IA",0
"Shelby, IA",0
"Sioux, IA",0
"Story, IA",0
"Tama, IA",0
"Taylor, IA",0
"Union, IA",0
"Van Buren, IA",0
"Wapello, IA",0
"Warren, IA",0
"Washington, IA",0
"Wayne, IA",0
"Webster, IA",0
"Winnebago, IA",0
"Winneshiek, IA",0
"Woodbury, IA",0
"Worth, IA",0
"Wright, IA",0
"Ada, ID",0
"Adams, ID",0
"Bannock, ID",0
"Bear Lake, ID",0
"Benewah, ID",0
"Bingham, ID",0
"Blaine, ID",0
"Boise, ID",0
"Bonner, ID",0
"Bonneville, ID",0
"Boundary, ID",0
"Butte, ID",0
"Camas, ID",0
"Canyon, ID",0
"Caribou, ID",0
"Cassia, ID",0
"Clark, ID",0
"Clearwater, ID",0
"Custer, ID",0
"Elmore, ID",0
"Franklin, ID",0
"Fremont, ID",0
"Gem, ID",0
"Gooding, ID",0
"Idaho, ID",0
"Jefferson, ID",0
"Jerome, ID",0
"Kootenai, ID",0
"Latah, ID",0
"Lemhi, ID",0
"Lewis, ID",0
"Lincoln, ID",0
"Madison, ID",0
"Minidoka, ID",0
"Nez Perce, ID",0
"Oneida, ID",0
"Owyhee, ID",0
"Payette, ID",0
"Power, ID",0
"Shoshone, ID",0
"Teton, ID",0
"Twin Falls, ID",0
"Valley, ID",0
"Washington, ID",0
"Adams, IL",0
"Alexander, IL",0
"Bond, IL",0
"Boone, IL",0
"Brown, IL",0
"Bureau, IL",0
"Calhoun, IL",0
"Carroll, IL",0
"Cass, IL",0
"Champaign, IL",0
"Christian, IL",0
"Clark, IL",0
"Clay, IL",0
"Clinton, IL",0
"Coles, IL",0
"Cook, IL",0
"Crawford, IL",0
"Cumberland, IL",0
"De Witt, IL",0
"DeKalb, IL",0
"Donough, IL",0
"Douglas, IL",0
"DuPage, IL",0
"Edgar, IL",0
"Edwards, IL",0
"Effingham, IL",0
"Fayette, IL",0
"Ford, IL",0
"Franklin, IL",0
"Fulton, IL",0
"Gallatin, IL",0
"Greene, IL",0
"Grundy, IL",0
"Hamilton, IL",0
"Hancock, IL",0
"Hardin, IL",0
"Henderson, IL",0
"Henry, IL",0
"Iroquois, IL",0
"Jackson, IL",0
"Jasper, IL",0
"Jefferson, IL",0
"Jersey, IL",0
"Jo Daviess, IL",0
"Johnson, IL",0
"Kane, IL",0
"Kankakee, IL",0
"Kendall, IL",0
"Knox, IL",0
"La Salle, IL",0
"Lake, IL",0
"Lawrence, IL",0
"Lee, IL",0
"Livingston, IL",0
"Logan, IL",0
"Macon, IL",0
"Macoupin, IL",0
"Madison, IL",0
"Marion, IL",0
"Marshall, IL",0
"Mason, IL",0
"Massac, IL",0
"McHenry, IL",0
"McLean, IL",0
"Menard, IL",0
"Mercer, IL",0
"Monroe, IL",0
"Montgomery, IL",0
"Morgan, IL",0
"Moultrie, IL",0
"Ogle, IL",0
"Peoria, IL",0
"Perry, IL",0
"Piatt, IL",0
"Pike, IL",0
"Pope, IL",0
"Pulaski, IL",0
"Putnam, IL",0
"Randolph, IL",0
"Richland, IL",0
"Rock Island, IL",0
"Saline, IL",0
"Sangamon, IL",0
"Schuyler, IL",0
"Scott, IL",0
"Shelby, IL",0
"St. Clair, IL",0
"Stark, IL",0
"Stephenson, IL",0
"Tazewell, IL",0
"Union, IL",0
"Vermilion, IL",0
"Wabash, IL",0
"Warren, IL",0
"Washington, IL",0
"Wayne, IL",0
"White, IL",0
"Whiteside, IL",0
"Will, IL",0
"Williamson, IL",0
"Winnebago, IL",0
"Woodford, IL",0
"Adams, IN",0
"Allen, IN",0
"Bartholomew, IN",0
"Benton, IN",0
"Blackford, IN",0
"Boone, IN",0
"Brown, IN",0
"Carroll, IN",0
"Cass, IN",0
"Clark, IN",0
"Clay, IN",0
"Clinton, IN",0
"Crawford, IN",0
"Daviess, IN",0
"DeKalb, IN",0
"Dearborn, IN",0
"Decatur, IN",0
"Delaware, IN",0
"Dubois, IN",0
"Elkhart, IN",0
"Fayette, IN",0
"Floyd, IN",0
"Fountain, IN",0
"Franklin, IN",0
"Fulton, IN",0
"Gibson, IN",0
"Grant, IN",0
"Greene, IN",0
"Hamilton, IN",0
"Hancock, IN",0
"Harrison, IN",0
"Hendricks, IN",0
"Henry, IN",0
"Howard, IN",0
"Huntington, IN",0
"Jackson, IN",0
"Jasper, IN",0
"Jay, IN",0
"Jefferson, IN",0
"Jennings, IN",0
"Johnson, IN",0
"Knox, IN",0
"Kosciusko, IN",0
"LaGrange, IN",0
"LaPorte, IN",0
"Lake, IN",0
"Lawrence, IN",0
"Madison, IN",0
"Marion, IN",0
"Marshall, IN",0
"Martin, IN",0
"Miami, IN",0
"Monroe, IN",0
"Montgomery, IN",0
"Morgan, IN",0
"Newton, IN",0
"Noble, IN",0
"Ohio, IN",0
"Orange, IN",0
"Owen, IN",0
"Parke, IN",0
"Perry, IN",0
"Pike, IN",0
"Porter, IN",0
"Posey, IN",0
"Pulaski, IN",0
"Putnam, IN",0
"Randolph, IN",0
"Ripley, IN",0
"Rush, IN",0
"Scott, IN",0
"Shelby, IN",0
"Spencer, IN",0
"St. Joseph, IN",0
"Starke, IN",0
"Steuben, IN",0
"Sullivan, IN",0
"Switzerland, IN",0
"Tippecanoe, IN",0
"Tipton, IN",0
"Union, IN",0
"Vanderburgh, IN",0
"Vermillion, IN",0
"Vigo, IN",0
"Wabash, IN",0
"Warren, IN",0
"Warrick, IN",0
"Washington, IN",0
"Wayne, IN",0
"Wells, IN",0
"White, IN",0
"Whitley, IN",0
"Allen, KS",0
"Anderson, KS",0
"Atchison, KS",0
"Barber, KS",0
"Barton, KS",0
"Bourbon, KS",0
"Brown, KS",0
"Butler, KS",0
"Chase, KS",0
"Chautauqua, KS",0
"Cherokee, KS",0
"Cheyenne, KS",0
"Clark, KS",0
"Clay, KS",0
"Cloud, KS",0
"Coffey, KS",0
"Comanche, KS",0
"Cowley, KS",0
"Crawford, KS",0
"Decatur, KS",0
"Dickinson, KS",0
"Doniphan, KS",0
"Douglas, KS",0
"Edwards, KS",0
"Elk, KS",0
"Ellis, KS",0
"Ellsworth, KS",0
"Finney, KS",0
"Ford, KS",0
"Franklin, KS",0
"Geary, KS",0
"Gove, KS",0
"Graham, KS",0
"Grant, KS",0
"Gray, KS",0
"Greeley, KS",0
"Greenwood, KS",0
"Hamilton, KS",0
"Harper, KS",0
"Harvey, KS",0
"Haskell, KS",0
"Hodgeman, KS",0
"Jackson, KS",0
"Jefferson, KS",0
"Jewell, KS",0
"Johnson, KS",0
"Kearny, KS",0
"Kingman, KS",0
"Kiowa, KS",0
"Labette, KS",0
"Lane, KS",0
"Leavenworth, KS",0
"Lincoln, KS",0
"Linn, KS",0
"Logan, KS",0
"Lyon, KS",0
"Marion, KS",0
"Marshall, KS",0
"McPherson, KS",0
"Meade, KS",0
"Miami, KS",0
"Mitchell, KS",0
"Montgomery, KS",0
"Morris, KS",0
"Morton, KS",0
"Nemaha, KS",0
"Neosho, KS",0
"Ness, KS",0
"Norton, KS",0
"Osage, KS",0
"Osborne, KS",0
"Ottawa, KS",0
"Pawnee, KS",0
"Phillips, KS",0
"Pottawatomie, KS",0
"Pratt, KS",0
"Rawlins, KS",0
"Reno, KS",0
"Republic, KS",0
"Rice, KS",0
"Riley, KS",0
"Rooks, KS",0
"Rush, KS",0
"Russell, KS",0
"Saline, KS",0
"Scott, KS",0
"Sedgwick, KS",0
"Seward, KS",0
"Shawnee, KS",0
"Sheridan, KS",0
"Sherman, KS",0
"Smith, KS",0
"Stafford, KS",0
"Stanton, KS",0
"Stevens, KS",0
"Sumner, KS",0
"Thomas, KS",0
"Trego, KS",0
"Wabaunsee, KS",0
"Wallace, KS",0
"Washington, KS",0
"Wichita, KS",0
"Wilson, KS",0
"Woodson, KS",0
"Wyandotte, KS",0
"Adair, KY",0
"Allen, KY",0
"Anderson, KY",0
"Ballard, KY",0
"Barren, KY",0
"Bath, KY",0
"Bell, KY",0
"Boone, KY",0
"Bourbon, KY",0
"Boyd, KY",0
"Boyle, KY",0
"Bracken, KY",0
"Breathitt, KY",0
"Breckinridge, KY",0
"Bullitt, KY",0
"Butler, KY",0
"Caldwell, KY",0
"Calloway, KY",0
"Campbell, KY",0
"Carlisle, KY",0
"Carroll, KY",0
"Carter, KY",0
"Casey, KY",0
"Christian, KY",0
"Clark, KY",0
"Clay, KY",0
"Clinton, KY",0
"Crittenden, KY",0
"Cumberland, KY",0
"Daviess, KY",0
"Edmonson, KY",0
"Elliott, KY",0
"Estill, KY",0
"Fayette, KY",0
"Fleming, KY",0
"Floyd, KY",0
"Franklin, KY",0
"Fulton, KY",0
"Gallatin, KY",0
"Garrard, KY",0
"Grant, KY",0
"Graves, KY",0
"Grayson, KY",0
"Green, KY",0
"Greenup, KY",0
"Hancock, KY",0
"Hardin, KY",0
"Harlan, KY",0
"Harrison, KY",0
"Hart, KY",0
"Henderson, KY",0
"Henry, KY",0
"Hickman, KY",0
"Hopkins, KY",0
"Jackson, KY",0
"Jefferson, KY",0
"Jessamine, KY",0
"Johnson, KY",0
"Kenton, KY",0
"Knott, KY",0
"Knox, KY",0
"Larue, KY",0
"Laurel, KY",0
"Lawrence, KY",0
"Lee, KY",0
"Leslie, KY",0
"Letcher, KY",0
"Lewis, KY",0
"Lincoln, KY",0
"Livingston, KY",0
"Logan, KY",0
"Lyon, KY",0
"Madison, KY",0
"Magoffin, KY",0
"Marion, KY",0
"Marshall, KY",0
"Martin, KY",0
"Mason, KY",0
"McCracken, KY",0
"McCreary, KY",0
"McLean, KY",0
"Meade, KY",0
"Menifee, KY",0
"Mercer, KY",0
"Metcalfe, KY",0
"Monroe, KY",0
"Montgomery, KY",0
"Morgan, KY",0
"Muhlenberg, KY",0
"Nelson, KY",0
"Nicholas, KY",0
"Ohio, KY",0
"Oldham, KY",0
"Owen, KY",0
"Owsley, KY",0
"Pendleton, KY",0
"Perry, KY",0
"Pike, KY",0
"Powell, KY",0
"Pulaski, KY",0
"Robertson, KY",0
"Rockcastle, KY",0
"Rowan, KY",0
"Russell, KY",0
"Scott, KY",0
"Shelby, KY",0
"Simpson, KY",0
"Spencer, KY",0
"Taylor, KY",0
"Todd, KY",0
"Trigg, KY",0
"Trimble, KY",0
"Union, KY",0
"Warren, KY",0
"Washington, KY",0
"Wayne, KY",0
"Webster, KY",0
"Whitley, KY",0
"Wolfe, KY",0
"Woodford, KY",0
"Acadia, LA",0
"Allen, LA",0
"Ascension, LA",0
"Assumption, LA",0
"Avoyelles, LA",0
"Beauregard, LA",0
"Bienville, LA",0
"Bossier, LA",0
"Caddo, LA",0
"Calcasieu, LA",0
"Caldwell, LA",0
"Cameron, LA",0
"Catahoula, LA",0
"Claiborne, LA",0
"Concordia, LA",0
"De Soto, LA",0
"East Baton Rouge, LA",0
"East Carroll, LA",0
"East Feliciana, LA",0
"Evangeline, LA",0
"Franklin, LA",0
"Grant, LA",0
"Iberia, LA",0
"Iberville, LA",0
"Jackson, LA",0
"Jefferson, LA",0
"Jefferson Davis, LA",0
"La Salle, LA",0
"Lafayette, LA",0
"Lafourche, LA",0
"Lincoln, LA",0
"Livingston, LA",0
"Madison, LA",0
"Morehouse, LA",0
"Natchitoches, LA",0
"Orleans, LA",0
"Ouachita, LA",0
"Plaquemines, LA",0
"Pointe Coupee, LA",0
"Rapides, LA",0
"Red River, LA",0
"Richland, LA",0
"Sabine, LA",0
"St. Bernard, LA",0
"St. Charles, LA",0
"St. Helena, LA",0
"St. James, LA",0
"St. John the Baptist, LA",0
"St. Landry, LA",0
"St. Martin, LA",0
"St. Mary, LA",0
"St. Tammany, LA",0
"Tangipahoa, LA",0
"Tensas, LA",0
"Terrebonne, LA",0
"Union, LA",0
"Vermilion, LA",0
"Vernon, LA",0
"Washington, LA",0
"Webster, LA",0
"West Baton Rouge, LA",0
"West Carroll, LA",0
"West Feliciana, LA",0
"Winn, LA",0
"Barnstable, MA",0
"Berkshire, MA",0
"Bristol, MA",0
"Dukes, MA",0
"Essex, MA",0
"Franklin, MA",0
"Hampden, MA",0
"Hampshire, MA",0
"Middlesex, MA",0
"Nantucket, MA",0
"Norfolk, MA",0
"Plymouth, MA",0
"Suffolk, MA",0
"Worcester, MA",0
"Allegany, MD",0
"Anne Arundel, MD",0
"Baltimore City, MD",0
"Baltimore County, MD",0
"Calvert, MD",0
"Caroline, MD",0
"Carroll, MD",0
"Cecil, MD",0
"Charles, MD",0
"Dorchester, MD",0
"Frederick, MD",0
"Garrett, MD",0
"Harford, MD",0
"Howard, MD",0
"Kent, MD",0
"Montgomery, MD",0
"Prince George's, MD",0
"Queen Anne's, MD",0
"Somerset, MD",0
"St. Mary's, MD",0
"Talbot, MD",0
"Washington, MD",0
"Wicomico, MD",0
"Worcester, MD",0
"Androscoggin, ME",0
"Aroostook, ME",0
"Cumberland, ME",0
"Franklin, ME",0
"Hancock, ME",0
"Kennebec, ME",0
"Knox, ME",0
"Lincoln, ME",0
"Oxford, ME",0
"Penobscot, ME",0
"Piscataquis, ME",0
"Sagadahoc, ME",0
"Somerset, ME",0
"Waldo, ME",0
"Washington, ME",0
"York, ME",0
"Alcona, MI",0
"Alger, MI",0
"Allegan, MI",0
"Alpena, MI",0
"Antrim, MI",0
"Arenac, MI",0
"Baraga, MI",0
"Barry, MI",0
"Bay, MI",0
"Benzie, MI",0
"Berrien, MI",0
"Branch, MI",0
"Calhoun, MI",0
"Cass, MI",0
"Charlevoix, MI",0
"Cheboygan, MI",0
"Chippewa, MI",0
"Clare, MI",0
"Clinton, MI",0
"Crawford, MI",0
"Delta, MI",0
"Dickinson, MI",0
"Eaton, MI",0
"Emmet, MI",0
"Genesee, MI",0
"Gladwin, MI",0
"Gogebic, MI",0
"Grand Treverse, MI",0
"Gratiot, MI",0
"Hillsdale, MI",0
"Houghton, MI",0
"Huron, MI",0
"Ingham, MI",0
"Ionia, MI",0
"Iosco, MI",0
"Iron, MI",0
"Isabella, MI",0
"Jackson, MI",0
"Kalamazoo, MI",0
"Kalkaska, MI",0
"Kent, MI",0
"Keweenaw, MI",0
"Lake, MI",0
"Lapeer, MI",0
"Leelanau, MI",0
"Lenawee, MI",0
"Livingston, MI",0
"Luce, MI",0
"Mackinac, MI",0
"Macomb, MI",0
"Manistee, MI",0
"Marquette, MI",0
"Mason, MI",0
"Mecosta, MI",0
"Menominee, MI",0
"Midland, MI",0
"Missaukee, MI",0
"Monroe, MI",0
"Montcalm, MI",0
"Montmorency, MI",0
"Muskegon, MI",0
"Newaygo, MI",0
"Oakland, MI",0
"Oceana, MI",0
"Ogemaw, MI",0
"Ontonagon, MI",0
"Osceola, MI",0
"Oscoda, MI",0
"Otsego, MI",0
"Ottawa, MI",0
"Presque Isle, MI",0
"Roscommon, MI",0
"Saginaw, MI",0
"Sanilac, MI",0
"Schoolcraft, MI",0
"Shiawassee, MI",0
"St. Clair, MI",0
"St. Joseph, MI",0
"Tuscola, MI",0
"Van Buren, MI",0
"Washtenaw, MI",0
"Wayne, MI",0
"Wexford, MI",0
"Aitkin, MN",0
"Anoka, MN",0
"Becker, MN",0
"Beltrami, MN",0
"Benton, MN",0
"Big Stone, MN",0
"Blue Earth, MN",0
"Brown, MN",0
"Carlton, MN",0
"Carver, MN",0
"Cass, MN",0
"Chippewa, MN",0
"Chisago, MN",0
"Clay, MN",0
"Clearwater, MN",0
"Cook, MN",0
"Cottonwood, MN",0
"Crow Wing, MN",0
"Dakota, MN",0
"Dodge, MN",0
"Douglas, MN",0
"Faribault, MN",0
"Fillmore, MN",0
"Freeborn, MN",0
"Goodhue, MN",0
"Grant, MN",0
"Hennepin, MN",0
"Houston, MN",0
"Hubbard, MN",0
"Isanti, MN",0
"Itasca, MN",0
"Jackson, MN",0
"Kanabec, MN",0
"Kandiyohi, MN",0
"Kittson, MN",0
"Koochiching, MN",0
"Lac qui Parle, MN",0
"Lake, MN",0
"Lake of the Woods, MN",0
"Le Sueur, MN",0
"Lincoln, MN",0
"Lyon, MN",0
"Mahnomen, MN",0
"Marshall, MN",0
"Martin, MN",0
"McLeod, MN",0
"Meeker, MN",0
"Mille Lacs, MN",0
"Morrison, MN",0
"Mower, MN",0
"Murray, MN",0
"Nicollet, MN",0
"Nobles, MN",0
"Norman, MN",0
"Olmsted, MN",0
"Otter Tail, MN",0
"Pennington, MN",0
"Pine, MN",0
"Pipestone, MN",0
"Polk, MN",0
"Pope, MN",0
"Ramsey, MN",0
"Red Lake, MN",0
"Redwood, MN",0
"Renville, MN",0
"Rice, MN",0
"Rock, MN",0
"Roseau, MN",0
"Scott, MN",0
"Sherburne, MN",0
"Sibley, MN",0
"St. Louis, MN",0
"Stearns, MN",0
"Steele, MN",0
"Stevens, MN",0
"Swift, MN",0
"Todd, MN",0
"Traverse, MN",0
"Wabasha, MN",0
"Wadena, MN",0
"Waseca, MN",0
"Washington, MN",0
"Watonwan, MN",0
"Wilkin, MN",0
"Winona, MN",0
"Wright, MN",0
"Yellow Medicine, MN",0
"Adair, MO",0
"Andrew, MO",0
"Atchison, MO",0
"Audrain, MO",0
"Barry, MO",0
"Barton, MO",0
"Bates, MO",0
"Benton, MO",0
"Bollinger, MO",0
"Boone, MO",0
"Buchanan, MO",0
"Butler, MO",0
"Caldwell, MO",0
"Callaway, MO",0
"Camden, MO",0
"Cape Girardeau, MO",0
"Carroll, MO",0
"Carter, MO",0
"Cass, MO",0
"Cedar, MO",0
"Chariton, MO",0
"Christian, MO",0
"Clark, MO",0
"Clay, MO",0
"Clinton, MO",0
"Cole, MO",0
"Cooper, MO",0
"Crawford, MO",0
"Dade, MO",0
"Dallas, MO",0
"Daviess, MO",0
"DeKalb, MO",0
"Dent, MO",0
"Douglas, MO",0
"Dunklin, MO",0
"Franklin, MO",0
"Gasconage, MO",0
"Gentry, MO",0
"Greene, MO",0
"Grundy, MO",0
"Harrison, MO",0
"Henry, MO",0
"Hickory, MO",0
"Holt, MO",0
"Howard, MO",0
"Howell, MO",0
"Iron, MO",0
"Jackson, MO",0
"Jasper, MO",0
"Jefferson, MO",0
"Johnson, MO",0
"Knox, MO",0
"Laclede, MO",0
"Lafayette, MO",0
"Lawrence, MO",0
"Lewis, MO",0
"Lincoln, MO",0
"Linn, MO",0
"Livingston, MO",0
"Macon, MO",0
"Madison, MO",0
"Maries, MO",0
"Marion, MO",0
"McDonald, MO",0
"Mercer, MO",0
"Miller, MO",0
"Mississippi, MO",0
"Moniteau, MO",0
"Monroe, MO",0
"Montgomery, MO",0
"Morgan, MO",0
"New Madrid, MO",0
"Newton, MO",0
"Nodaway, MO",0
"Oregon, MO",0
"Osage, MO",0
"Ozark, MO",0
"Pemiscot, MO",0
"Perry, MO",0
"Pettis, MO",0
"Phelps, MO",0
"Pike, MO",0
"Platte, MO",0
"Polk, MO",0
"Pulaski, MO",0
"Putnam, MO",0
"Ralls, MO",0
"Randolph, MO",0
"Ray, MO",0
"Reynolds, MO",0
"Ripley, MO",0
"Sainte Genevieve, MO",0
"Saline, MO",0
"Schuyler, MO",0
"Scotland, MO",0
"Scott, MO",0
"Shannon, MO",0
"Shelby, MO",0
"St. Charles, MO",0
"St. Clair, MO",0
"St. Francois, MO",0
"St. Louis, MO",0
"St. Louis Co., MO",0
"Stoddard, MO",0
"Stone, MO",0
"Sullivan, MO",0
"Taney, MO",0
"Texas, MO",0
"Vernon, MO",0
"Warren, MO",0
"Washington, MO",0
"Wayne, MO",0
"Webster, MO",0
"Wright, MO",0
"Adams, MS",0
"Alcorn, MS",0
"Amite, MS",0
"Attala, MS",0
"Benton, MS",0
"Bolivar, MS",0
"Calhoun, MS",0
"Carroll, MS",0
"Chickasaw, MS",0
"Choctaw, MS",0
"Claiborne, MS",0
"Clarke, MS",0
"Clay, MS",0
"Coahoma, MS",0
"Copiah, MS",0
"Covington, MS",0
"DeSoto, MS",0
"Forrest, MS",0
"Franklin, MS",0
"George, MS",0
"Greene, MS",0
"Grenada, MS",0
"Hancock, MS",0
"Harrison, MS",0
"Hinds, MS",0
"Holmes, MS",0
"Humphreys, MS",0
"Issaquena, MS",0
"Itawamba, MS",0
"Jackson, MS",0
"Jasper, MS",0
"Jefferson, MS",0
"Jefferson Davis, MS",0
"Jones, MS",0
"Kemper, MS",0
"Lafayette, MS",0
"Lamar, MS",0
"Lauderdale, MS",0
"Lawrence, MS",0
"Leake, MS",0
"Lee, MS",0
"Leflore, MS",0
"Lincoln, MS",0
"Lowndes, MS",0
"Madison, MS",0
"Marion, MS",0
"Marshall, MS",0
"Monroe, MS",0
"Montgomery, MS",0
"Neshoba, MS",0
"Newton, MS",0
"Noxubee, MS",0
"Oktibbeha, MS",0
"Panola, MS",0
"Pearl River, MS",0
"Perry, MS",0
"Pike, MS",0
"Pontotoc, MS",0
"Prentiss, MS",0
"Quitman, MS",0
"Rankin, MS",0
"Scott, MS",0
"Sharkey, MS",0
"Simpson, MS",0
"Smith, MS",0
"Stone, MS",0
"Sunflower, MS",0
"Tallahatchie, MS",0
"Tate, MS",0
"Tippah, MS",0
"Tishomingo, MS",0
"Tunica, MS",0
"Union, MS",0
"Walthall, MS",0
"Warren, MS",0
"Washington, MS",0
"Wayne, MS",0
"Webster, MS",0
"Wilkinson, MS",0
"Winston, MS",0
"Yalobusha, MS",0
"Yazoo, MS",0
"Beaverhead, MT",0
"Big Horn, MT",0
"Blaine, MT",0
"Broadwater, MT",0
"Carbon, MT",0
"Carter, MT",0
"Cascade, MT",0
"Chouteau, MT",0
"Custer, MT",0
"Daniels, MT",0
"Dawson, MT",0
"Deer Lodge, MT",0
"Fallon, MT",0
"Fergus, MT",0
"Flathead, MT",0
"Gallatin, MT",0
"Garfield, MT",0
"Glacier, MT",0
"Golden Valley, MT",0
"Granite, MT",0
"Hill, MT",0
"Jefferson, MT",0
"Judith Basin, MT",0
"Lake, MT",0
"Lewis and Clark, MT",0
"Liberty, MT",0
"Lincoln, MT",0
"Madison, MT",0
"McCone, MT",0
"Meagher, MT",0
"Mineral, MT",0
"Missoula, MT",0
"Musselshell, MT",0
"Park, MT",0
"Petroleum, MT",0
"Phillips, MT",0
"Pondera, MT",0
"Powder River, MT",0
"Powell, MT",0
"Prairie, MT",0
"Ravalli, MT",0
"Richland, MT",0
"Roosevelt, MT",0
"Rosebud, MT",0
"Sanders, MT",0
"Sheridan, MT",0
"Silver Bow, MT",0
"Stillwater, MT",0
"Sweet Grass, MT",0
"Teton, MT",0
"Toole, MT",0
"Treasure, MT",0
"Valley, MT",0
"Wheatland, MT",0
"Wibaux, MT",0
"Yellowstone, MT",0
"Alamance, NC",0
"Alexander, NC",0
"Alleghany, NC",0
"Anson, NC",0
"Ashe, NC",0
"Avery, NC",0
"Beaufort, NC",0
"Bertie, NC",0
"Bladen, NC",0
"Brunswick, NC",0
"Buncombe, NC",0
"Burke, NC",0
"Cabarrus, NC",0
"Caldwell, NC",0
"Camden, NC",0
"Carteret, NC",0
"Caswell, NC",0
"Catawba, NC",0
"Chatham, NC",0
"Cherokee, NC",0
"Chowan, NC",0
"Clay, NC",0
"Cleveland, NC",0
"Columbus, NC",0
"Craven, NC",0
"Cumberland, NC",0
"Currituck, NC",0
"Dare, NC",0
"Davidson, NC",0
"Davie, NC",0
"Duplin, NC",0
"Durham, NC",0
"Edgecombe, NC",0
"Forsyth, NC",0
"Franklin, NC",0
"Gaston, NC",0
"Gates, NC",0
"Graham, NC",0
"Granville, NC",0
"Greene, NC",0
"Guilford, NC",0
"Halifax, NC",0
"Harnett, NC",0
"Haywood, NC",0
"Henderson, NC",0
"Hertford, NC",0
"Hoke, NC",0
"Hyde, NC",0
"Iredell, NC",0
"Jackson, NC",0
"Johnston, NC",0
"Jones, NC",0
"Lee, NC",0
"Lenoir, NC",0
"Lincoln, NC",0
"Macon, NC",0
"Madison, NC",0
"Martin, NC",0
"McDowell, NC",0
"Mecklenburg, NC",0
"Mitchell, NC",0
"Montgomery, NC",0
"Moore, NC",0
"Nash, NC",0
"New Hanover, NC",0
"Northampton, NC",0
"Onslow, NC",0
"Orange, NC",0
"Pamlico, NC",0
"Pasquotank, NC",0
"Pender, NC",0
"Perquimans, NC",0
"Person, NC",0
"Pitt, NC",0
"Polk, NC",0
"Randolph, NC",0
"Richmond, NC",0
"Robeson, NC",0
"Rockingham, NC",0
"Rowan, NC",0
"Rutherford, NC",0
"Sampson, NC",0
"Scotland, NC",0
"Stanly, NC",0
"Stokes, NC",0
"Surry, NC",0
"Swain, NC",0
"Transylvania, NC",0
"Tyrrell, NC",0
"Union, NC",0
"Vance, NC",0
"Wake, NC",0
"Warren, NC",0
"Washington, NC",0
"Watauga, NC",0
"Wayne, NC",0
"Wilkes, NC",0
"Wilson, NC",0
"Yadkin, NC",0
"Yancey, NC",0
"Adams, ND",0
"Barnes, ND",0
"Benson, ND",0
"Billings, ND",0
"Bottineau, ND",0
"Bowman, ND",0
"Burke, ND",0
"Burleigh, ND",0
"Cass, ND",0
"Cavalier, ND",0
"Dickey, ND",0
"Divide, ND",0
"Dunn, ND",0
"Eddy, ND",0
"Emmons, ND",0
"Foster, ND",0
"Golden Valley, ND",0
"Grand Forks, ND",0
"Grant, ND",0
"Griggs, ND",0
"Hettinger, ND",0
"Kidder, ND",0
"LaMoure, ND",0
"Logan, ND",0
"McHenry, ND",0
"McIntosh, ND",0
"McKenzie, ND",0
"McLean, ND",0
"Mercer, ND",0
"Morton, ND",0
"Mountrail, ND",0
"Nelson, ND",0
"Oliver, ND",0
"Pembina, ND",0
"Pierce, ND",0
"Ramsey, ND",0
"Ransom, ND",0
"Renville, ND",0
"Richland, ND",0
"Rolette, ND",0
"Sargent, ND",0
"Sheridan, ND",0
"Sioux, ND",0
"Slope, ND",0
"Stark, ND",0
"Steele, ND",0
"Stutsman, ND",0
"Towner, ND",0
"Traill, ND",0
"Walsh, ND",0
"Ward, ND",0
"Wells, ND",0
"Williams, ND",0
"Adams, NE",0
"Antelope, NE",0
"Arthur, NE",0
"Banner, NE",0
"Blaine, NE",0
"Boone, NE",0
"Box Butte, NE",0
"Boyd, NE",0
"Brown, NE",0
"Buffalo, NE",0
"Burt, NE",0
"Butler, NE",0
"Cass, NE",0
"Cedar, NE",0
"Chase, NE",0
"Cherry, NE",0
"Cheyenne, NE",0
"Clay, NE",0
"Colfax, NE",0
"Cuming, NE",0
"Custer, NE",0
"Dakota, NE",0
"Dawes, NE",0
"Dawson, NE",0
"Deuel, NE",0
"Dixon, NE",0
"Dodge, NE",0
"Douglas, NE",0
"Dundy, NE",0
"Fillmore, NE",0
"Franklin, NE",0
"Frontier, NE",0
"Furnas, NE",0
"Gage, NE",0
"Garden, NE",0
"Garfield, NE",0
"Gosper, NE",0
"Grant, NE",0
"Greeley, NE",0
"Hall, NE",0
"Hamilton, NE",0
"Harlan, NE",0
"Hayes, NE",0
"Hitchcock, NE",0
"Holt, NE",0
"Hooker, NE",0
"Howard, NE",0
"Jefferson, NE",0
"Johnson, NE",0
"Kearney, NE",0
"Keith, NE",0
"Keya Paha, NE",0
"Kimball, NE",0
"Knox, NE",0
"Lancaster, NE",0
"Lincoln, NE",0
"Logan, NE",0
"Loup, NE",0
"Madison, NE",0
"McPherson, NE",0
"Merrick, NE",0
"Morrill, NE",0
"Nance, NE",0
"Nemaha, NE",0
"Nuckolls, NE",0
"Otoe, NE",0
"Pawnee, NE",0
"Perkins, NE",0
"Phelps, NE",0
"Pierce, NE",0
"Platte, NE",0
"Polk, NE",0
"Red Willow, NE",0
"Richardson, NE",0
"Rock, NE",0
"Saline, NE",0
"Sarpy, NE",0
"Saunders, NE",0
"Scotts Bluff, NE",0
"Seward, NE",0
"Sheridan, NE",0
"Sherman, NE",0
"Sioux, NE",0
"Stanton, NE",0
"Thayer, NE",0
"Thomas, NE",0
"Thurston, NE",0
"Valley, NE",0
"Washington, NE",0
"Wayne, NE",0
"Webster, NE",0
"Wheeler, NE",0
"York, NE",0
"Belknap, NH",0
"Carroll, NH",0
"Cheshire, NH",0
"Coos, NH",0
"Grafton, NH",0
"Hillsborough, NH",0
"Merrimack, NH",0
"Rockingham, NH",0
"Strafford, NH",0
"Sullivan, NH",0
"Atlantic, NJ",0
"Bergen, NJ",0
"Burlington, NJ",0
"Camden, NJ",0
"Cape May, NJ",0
"Cumberland, NJ",0
"Essex, NJ",0
"Gloucester, NJ",0
"Hudson, NJ",0
"Hunterdon, NJ",0
"Mercer, NJ",0
"Middlesex, NJ",0
"Monmouth, NJ",0
"Morris, NJ",0
"Ocean, NJ",0
"Passaic, NJ",0
"Salem, NJ",0
"Somerset, NJ",0
"Sussex, NJ",0
"Union, NJ",0
"Warren, NJ",0
"Bernalillo, NM",0
"Catron, NM",0
"Chaves, NM",0
"Cibola, NM",0
"Colfax, NM",0
"Curry, NM",0
"De Baca, NM",0
"Dona Ana, NM",0
"Eddy, NM",0
"Grant, NM",0
"Guadelupe, NM",0
"Harding, NM",0
"Hidalgo, NM",0
"Lea, NM",0
"Lincoln, NM",0
"Los Alamos, NM",0
"Luna, NM",0
"McKinely, NM",0
"Mora, NM",0
"Otero, NM",0
"Quay, NM",0
"Rio Arriba, NM",0
"Roosevelt, NM",0
"San Juan, NM",0
"San Miguel, NM",0
"Sandoval, NM",0
"Santa Fe, NM",0
"Sierra, NM",0
"Socorro, NM",0
"Taos, NM",0
"Torrance, NM",0
"Union, NM",0
"Valencia, NM",0
"Worth, NO",0
"Carson City, NV",0
"Churchill, NV",0
"Clark, NV",0
"Douglas, NV",0
"Elko, NV",0
"Esmeralda, NV",0
"Eureka, NV",0
"Humboldt, NV",0
"Lander, NV",0
"Lincoln, NV",0
"Lyon, NV",0
"Mineral, NV",0
"Nye, NV",0
"Pershing, NV",0
"Storey, NV",0
"Washoe, NV",0
"White Pine, NV",0
"Albany, NY",0
"Allegany, NY",0
"Bronx, NY",0
"Broome, NY",0
"Cattaraugus, NY",0
"Cayuga, NY",0
"Chautauqua, NY",0
"Chemung, NY",0
"Chenango, NY",0
"Clinton, NY",0
"Columbia, NY",0
"Cortland, NY",0
"Delaware, NY",0
"Dutchess, NY",0
"Erie, NY",0
"Essex, NY",0
"Franklin, NY",0
"Fulton, NY",0
"Genesee, NY",0
"Greene, NY",0
"Hamilton, NY",0
"Herkimer, NY",0
"Jefferson, NY",0
"Kings, NY",0
"Lewis, NY",0
"Livingston, NY",0
"Madison, NY",0
"Monroe, NY",0
"Montgomery, NY",0
"Nassau, NY",0
"New York, NY",0
"Niagara, NY",0
"Oneida, NY",0
"Onodaga, NY",0
"Ontario, NY",0
"Orange, NY",0
"Orleans, NY",0
"Oswego, NY",0
"Otsego, NY",0
"Putnam, NY",0
"Queens, NY",0
"Rensselaer, NY",0
"Richmond, NY",0
"Rockland, NY",0
"Saratoga, NY",0
"Schenectady, NY",0
"Schoharie, NY",0
"Schuyler, NY",0
"Seneca, NY",0
"St. Lawrence, NY",0
"Steuben, NY",0
"Suffolk, NY",0
"Sullivan, NY",0
"Tioga, NY",0
"Tompkins, NY",0
"Ulster, NY",0
"Warren, NY",0
"Washington, NY",0
"Wayne, NY",0
"Westchester, NY",0
"Wyoming, NY",0
"Yates, NY",0
"Adams, OH",0
"Allen, OH",0
"Ashland, OH",0
"Ashtabula, OH",0
"Athens, OH",0
"Auglaize, OH",0
"Belmont, OH",0
"Brown, OH",0
"Butler, OH",0
"Carroll, OH",0
"Champaign, OH",0
"Clark, OH",0
"Clermont, OH",0
"Clinton, OH",0
"Columbiana, OH",0
"Coshocton, OH",0
"Crawford, OH",0
"Cuyahoga, OH",0
"Darke, OH",0
"Defiance, OH",0
"Delaware, OH",0
"Erie, OH",0
"Fairfield, OH",0
"Fayette, OH",0
"Franklin, OH",0
"Fulton, OH",0
"Gallia, OH",0
"Geauga, OH",0
"Greene, OH",0
"Guernsey, OH",0
"Hamilton, OH",0
"Hancock, OH",0
"Hardin, OH",0
"Harrison, OH",0
"Henry, OH",0
"Highland, OH",0
"Hocking, OH",0
"Holmes, OH",0
"Huron, OH",0
"Jackson, OH",0
"Jefferson, OH",0
"Knox, OH",0
"Lake, OH",0
"Lawrence, OH",0
"Licking, OH",0
"Logan, OH",0
"Lorain, OH",0
"Lucas, OH",0
"Madison, OH",0
"Mahoning, OH",0
"Marion, OH",0
"Medina, OH",0
"Meigs, OH",0
"Mercer, OH",0
"Miami, OH",0
"Monroe, OH",0
"Montgomery, OH",0
"Morgan, OH",0
"Morrow, OH",0
"Muskingum, OH",0
"Noble, OH",0
"Ottawa, OH",0
"Paulding, OH",0
"Perry, OH",0
"Pickaway, OH",0
"Pike, OH",0
"Portage, OH",0
"Preble, OH",0
"Putnam, OH",0
"Richland, OH",0
"Ross, OH",0
"Sandusky, OH",0
"Scioto, OH",0
"Seneca, OH",0
"Shelby, OH",0
"Stark, OH",0
"Summit, OH",0
"Trumbull, OH",0
"Tuscarawas, OH",0
"Union, OH",0
"Van Wert, OH",0
"Vinton, OH",0
"Warren, OH",0
"Washington, OH",0
"Wayne, OH",0
"Williams, OH",0
"Wood, OH",0
"Wyandot, OH",0
"Adair, OK",0
"Alfalfa, OK",0
"Atoka, OK",0
"Beaver, OK",0
"Beckham, OK",0
"Blaine, OK",0
"Bryan, OK",0
"Caddo, OK",0
"Canadian, OK",0
"Carter, OK",0
"Cherokee, OK",0
"Choctaw, OK",0
"Cimarron, OK",0
"Cleveland, OK",0
"Coal, OK",0
"Comanche, OK",0
"Cotton, OK",0
"Craig, OK",0
"Creek, OK",0
"Custer, OK",0
"Delaware, OK",0
"Dewey, OK",0
"Ellis, OK",0
"Garfield, OK",0
"Garvin, OK",0
"Grady, OK",0
"Grant, OK",0
"Greer, OK",0
"Harmon, OK",0
"Harper, OK",0
"Haskell, OK",0
"Hughes, OK",0
"Jackson, OK",0
"Jefferson, OK",0
"Johnston, OK",0
"Kay, OK",0
"Kingfisher, OK",0
"Kiowa, OK",0
"Latimer, OK",0
"Le Flore, OK",0
"Lincoln, OK",0
"Logan, OK",0
"Love, OK",0
"Major, OK",0
"Marshall, OK",0
"Mayes, OK",0
"McClain, OK",0
"McCurtain, OK",0
"McIntosh, OK",0
"Murray, OK",0
"Muskogee, OK",0
"Noble, OK",0
"Nowata, OK",0
"Okfuskee, OK",0
"Oklahoma, OK",0
"Okmulgee, OK",0
"Osage, OK",0
"Ottawa, OK",0
"Pawnee, OK",0
"Payne, OK",0
"Pittsburg, OK",0
"Pontotoc, OK",0
"Pottawatomie, OK",0
"Pushmataha, OK",0
"Roger Mills, OK",0
"Rogers, OK",0
"Seminole, OK",0
"Sequoyah, OK",0
"Stephens, OK",0
"Texas, OK",0
"Tillman, OK",0
"Tulsa, OK",0
"Wagoner, OK",0
"Washington, OK",0
"Washita, OK",0
"Woods, OK",0
"Woodward, OK",0
"Baker, OR",0
"Benton, OR",0
"Clackamas, OR",0
"Clatsop, OR",0
"Columbia, OR",0
"Coos, OR",0
"Crook, OR",0
"Curry, OR",0
"Deschutes, OR",0
"Douglas, OR",0
"Gilliam, OR",0
"Grant, OR",0
"Harney, OR",0
"Hood River, OR",0
"Jackson, OR",0
"Jefferson, OR",0
"Josephine, OR",0
"Klamath, OR",0
"Lake, OR",0
"Lane, OR",0
"Lincoln, OR",0
"Linn, OR",0
"Malheur, OR",0
"Marion, OR",0
"Morrow, OR",0
"Multnomah, OR",0
"Polk, OR",0
"Sherman, OR",0
"Tillamook, OR",0
"Umatilla, OR",0
"Union, OR",0
"Wallowa, OR",0
"Wasco, OR",0
"Washington, OR",0
"Wheeler, OR",0
"Yamhill, OR",0
"Adams, PA",0
"Allegheny, PA",0
"Armstrong, PA",0
"Beaver, PA",0
"Bedford, PA",0
"Berks, PA",0
"Blair, PA",0
"Bradford, PA",0
"Bucks, PA",0
"Butler, PA",0
"Cambria, PA",0
"Cameron, PA",0
"Carbon, PA",0
"Centre, PA",0
"Chester, PA",0
"Clarion, PA",0
"Clearfield, PA",0
"Clinton, PA",0
"Columbia, PA",0
"Crawford, PA",0
"Cumberland, PA",0
"Dauphin, PA",0
"Delaware, PA",0
"Elk, PA",0
"Erie, PA",0
"Fayette, PA",0
"Forest, PA",0
"Franklin, PA",0
"Fulton, PA",0
"Greene, PA",0
"Huntingdon, PA",0
"Indiana, PA",0
"Jefferson, PA",0
"Juniata, PA",0
"Lackawanna, PA",0
"Lancaster, PA",0
"Lawrence, PA",0
"Lebanon, PA",0
"Lehigh, PA",0
"Luzerne, PA",0
"Lycoming, PA",0
"McKean, PA",0
"Mercer, PA",0
"Mifflin, PA",0
"Monroe, PA",0
"Montgomery, PA",0
"Montour, PA",0
"Northampton, PA",0
"Northumberland, PA",0
"Perry, PA",0
"Philadelphia, PA",0
"Pike, PA",0
"Potter, PA",0
"Schuylkill, PA",0
"Snyder, PA",0
"Somerset, PA",0
"Sullivan, PA",0
"Susquehanna, PA",0
"Tioga, PA",0
"Union, PA",0
"Venango, PA",0
"Warren, PA",0
"Washington, PA",0
"Wayne, PA",0
"Westmoreland, PA",0
"Wyoming, PA",0
"York, PA",0
"Bristol, RI",0
"Kent, RI",0
"Newport, RI",0
"Providence, RI",0
"Washington, RI",0
"Abbeville, SC",0
"Aiken, SC",0
"Allendale, SC",0
"Anderson, SC",0
"Bamberg, SC",0
"Barnwell, SC",0
"Beaufort, SC",0
"Berkeley, SC",0
"Calhoun, SC",0
"Charleston, SC",0
"Cherokee, SC",0
"Chester, SC",0
"Chesterfield, SC",0
"Clarendon, SC",0
"Colleton, SC",0
"Darlington, SC",0
"Dillon, SC",0
"Dorchester, SC",0
"Edgefield, SC",0
"Fairfield, SC",0
"Florence, SC",0
"Georgetown, SC",0
"Greenville, SC",0
"Greenwood, SC",0
"Hampton, SC",0
"Horry, SC",0
"Jasper, SC",0
"Kershaw, SC",0
"Lancaster, SC",0
"Laurens, SC",0
"Lee, SC",0
"Lexington, SC",0
"Marion, SC",0
"Marlboro, SC",0
"McCormick, SC",0
"Newberry, SC",0
"Oconee, SC",0
"Orangeburg, SC",0
"Pickens, SC",0
"Richland, SC",0
"Saluda, SC",0
"Spartanburg, SC",0
"Sumter, SC",0
"Union, SC",0
"Williamsburg, SC",0
"York, SC",0
"Aurora, SD",0
"Beadle, SD",0
"Bennett, SD",0
"Bon Homme, SD",0
"Brookings, SD",0
"Brown, SD",0
"Brule, SD",0
"Buffalo, SD",0
"Butte, SD",0
"Campbell, SD",0
"Charles Mix, SD",0
"Clark, SD",0
"Clay, SD",0
"Codington, SD",0
"Corson, SD",0
"Custer, SD",0
"Davison, SD",0
"Day, SD",0
"Deuel, SD",0
"Dewey, SD",0
"Douglas, SD",0
"Edmunds, SD",0
"Fall River, SD",0
"Faulk, SD",0
"Grand, SD",0
"Gregory, SD",0
"Haakon, SD",0
"Hamlin, SD",0
"Hand, SD",0
"Hanson, SD",0
"Harding, SD",0
"Hughes, SD",0
"Hutchinson, SD",0
"Hyde, SD",0
"Jackson, SD",0
"Jerauld, SD",0
"Jones, SD",0
"Kingsburg, SD",0
"Lake, SD",0
"Lawrence, SD",0
"Lincoln, SD",0
"Lyman, SD",0
"Marshall, SD",0
"McCook, SD",0
"McPherson, SD",0
"Meade, SD",0
"Mellette, SD",0
"Miner, SD",0
"Minnehaha, SD",0
"Moody, SD",0
"Pennington, SD",0
"Perkins, SD",0
"Potter, SD",0
"Roberts, SD",0
"Sanborn, SD",0
"Shannon, SD",0
"Spink, SD",0
"Stanley, SD",0
"Sully, SD",0
"Todd, SD",0
"Tripp, SD",0
"Turner, SD",0
"Union, SD",0
"Walworth, SD",0
"Yankton, SD",0
"Ziebach, SD",0
"Anderson, TN",0
"Bedford, TN",0
"Benton, TN",0
"Bledsoe, TN",0
"Blount, TN",0
"Bradley, TN",0
"Campbell, TN",0
"Cannon, TN",0
"Carroll, TN",0
"Carter, TN",0
"Cheatham, TN",0
"Chester, TN",0
"Claiborne, TN",0
"Clay, TN",0
"Cocke, TN",0
"Coffee, TN",0
"Crockett, TN",0
"Cumberland, TN",0
"Davidson, TN",0
"DeKalb, TN",0
"Decatur, TN",0
"Dickson, TN",0
"Dyer, TN",0
"Fayette, TN",0
"Fentress, TN",0
"Franklin, TN",0
"Gibson, TN",0
"Giles, TN",0
"Grainger, TN",0
"Greene, TN",0
"Grundy, TN",0
"Hamblen, TN",0
"Hamilton, TN",0
"Hancock, TN",0
"Hardeman, TN",0
"Hardin, TN",0
"Hawkins, TN",0
"Haywood, TN",0
"Henderson, TN",0
"Henry, TN",0
"Hickman, TN",0
"Houston, TN",0
"Humphreys, TN",0
"Jackson, TN",0
"Jefferson, TN",0
"Johnson, TN",0
"Knox, TN",0
"Lake, TN",0
"Lauderdale, TN",0
"Lawrence, TN",0
"Lewis, TN",0
"Lincoln, TN",0
"Loudon, TN",0
"Macon, TN",0
"Madison, TN",0
"Marion, TN",0
"Marshall, TN",0
"Maury, TN",0
"McMinn, TN",0
"McNairy, TN",0
"Meigs, TN",0
"Monroe, TN",0
"Montgomery, TN",0
"Moore, TN",0
"Morgan, TN",0
"Obion, TN",0
"Overton, TN",0
"Perry, TN",0
"Pickett, TN",0
"Polk, TN",0
"Putnam, TN",0
"Rhea, TN",0
"Roane, TN",0
"Robertson, TN",0
"Rutherford, TN",0
"Scott, TN",0
"Sequatchie, TN",0
"Sevier, TN",0
"Shelby, TN",0
"Smith, TN",0
"Stewart, TN",0
"Sullivan, TN",0
"Sumner, TN",0
"Tipton, TN",0
"Trousdale, TN",0
"Unicoi, TN",0
"Union, TN",0
"Van Buren, TN",0
"Warren, TN",0
"Washington, TN",0
"Wayne, TN",0
"Weakley, TN",0
"White, TN",0
"Williamson, TN",0
"Wilson, TN",0
"Anderson, TX",0
"Andrews, TX",0
"Angelina, TX",0
"Aransas, TX",0
"Archer, TX",0
"Armstrong, TX",0
"Atascosa, TX",0
"Austin, TX",0
"Bailey, TX",0
"Bandera, TX",0
"Bastrop, TX",0
"Baylor, TX",0
"Bee, TX",0
"Bell, TX",0
"Bexar, TX",0
"Blanco, TX",0
"Borden, TX",0
"Bosque, TX",0
"Bowie, TX",0
"Brazoria, TX",0
"Brazos, TX",0
"Brewster, TX",0
"Briscoe, TX",0
"Brooks, TX",0
"Brown, TX",0
"Burleson, TX",0
"Burnet, TX",0
"Caldwell, TX",0
"Calhoun, TX",0
"Callahan, TX",0
"Cameron, TX",0
"Camp, TX",0
"Carson, TX",0
"Cass, TX",0
"Castro, TX",0
"Chambers, TX",0
"Cherokee, TX",0
"Childress, TX",0
"Clay, TX",0
"Cochran, TX",0
"Coke, TX",0
"Coleman, TX",0
"Collin, TX",0
"Collingsworth, TX",0
"Colorado, TX",0
"Comal, TX",0
"Comanche, TX",0
"Concho, TX",0
"Cooke, TX",0
"Coryell, TX",0
"Cottle, TX",0
"Crane, TX",0
"Crockett, TX",0
"Crosby, TX",0
"Culberson, TX",0
"Dallam, TX",0
"Dallas, TX",0
"Dawson, TX",0
"DeWitt, TX",0
"Deaf Smith, TX",0
"Delta, TX",0
"Denton, TX",0
"Dickens, TX",0
"Dimmit, TX",0
"Donley, TX",0
"Duval, TX",0
"Eastland, TX",0
"Ector, TX",0
"Edwards, TX",0
"El Paso, TX",0
"Ellis, TX",0
"Erath, TX",0
"Falls, TX",0
"Fannin, TX",0
"Fayette, TX",0
"Fisher, TX",0
"Floyd, TX",0
"Foard, TX",0
"Fort Bend, TX",0
"Franklin, TX",0
"Freestone, TX",0
"Frio, TX",0
"Gaines, TX",0
"Galveston, TX",0
"Garza, TX",0
"Gillespie, TX",0
"Glasscock, TX",0
"Goliad, TX",0
"Gonzales, TX",0
"Gray, TX",0
"Grayson, TX",0
"Gregg, TX",0
"Grimes, TX",0
"Guadalupe, TX",0
"Hale, TX",0
"Hall, TX",0
"Hamilton, TX",0
"Hansford, TX",0
"Hardeman, TX",0
"Hardin, TX",0
"Harris, TX",0
"Harrison, TX",0
"Hartley, TX",0
"Haskell, TX",0
"Hays, TX",0
"Hemphill, TX",0
"Henderson, TX",0
"Hidalgo, TX",0
"Hill, TX",0
"Hockley, TX",0
"Hood, TX",0
"Hopkins, TX",0
"Houston, TX",0
"Howard, TX",0
"Hudspeth, TX",0
"Hunt, TX",0
"Hutchinson, TX",0
"Irion, TX",0
"Jack, TX",0
"Jackson, TX",0
"Jasper, TX",0
"Jeff Davis, TX",0
"Jefferson, TX",0
"Jim Hogg, TX",0
"Jim Wells, TX",0
"Johnson, TX",0
"Jones, TX",0
"Karnes, TX",0
"Kaufman, TX",0
"Kendall, TX",0
"Kenedy, TX",0
"Kent, TX",0
"Kerr, TX",0
"Kimble, TX",0
"King, TX",0
"Kinney, TX",0
"Kleberg, TX",0
"Knox, TX",0
"La Salle, TX",0
"Lamar, TX",0
"Lamb, TX",0
"Lampasas, TX",0
"Lavaca, TX",0
"Lee, TX",0
"Leon, TX",0
"Liberty, TX",0
"Limestone, TX",0
"Lipscomb, TX",0
"Live Oak, TX",0
"Llano, TX",0
"Loving, TX",0
"Lubbock, TX",0
"Lynn, TX",0
"Madison, TX",0
"Marion, TX",0
"Martin, TX",0
"Mason, TX",0
"Matagorda, TX",0
"Maverick, TX",0
"McCulloch, TX",0
"McLennan, TX",0
"McMullen, TX",0
"Medina, TX",0
"Menard, TX",0
"Midland, TX",0
"Milam, TX",0
"Mills, TX",0
"Mitchell, TX",0
"Montague, TX",0
"Montgomery, TX",0
"Moore, TX",0
"Morris, TX",0
"Motley, TX",0
"Nacogdoches, TX",0
"Navarro, TX",0
"Newton, TX",0
"Nolan, TX",0
"Nueces, TX",0
"Ochiltree, TX",0
"Oldham, TX",0
"Orange, TX",0
"Palo Pinto, TX",0
"Panola, TX",0
"Parker, TX",0
"Parmer, TX",0
"Pecos, TX",0
"Polk, TX",0
"Potter, TX",0
"Presidio, TX",0
"Rains, TX",0
"Randall, TX",0
"Reagan, TX",0
"Real, TX",0
"Red River, TX",0
"Reeves, TX",0
"Refugio, TX",0
"Roberts, TX",0
"Robertson, TX",0
"Rockwall, TX",0
"Runnels, TX",0
"Rusk, TX",0
"Sabine, TX",0
"San Augustine, TX",0
"San Jacinto, TX",0
"San Patricio, TX",0
"San Saba, TX",0
"Schleicher, TX",0
"Scurry, TX",0
"Shackelford, TX",0
"Shelby, TX",0
"Sherman, TX",0
"Smith, TX",0
"Somervell, TX",0
"Starr, TX",0
"Stephens, TX",0
"Sterling, TX",0
"Stonewall, TX",0
"Sutton, TX",0
"Swisher, TX",0
"Tarrant, TX",0
"Taylor, TX",0
"Terrell, TX",0
"Terry, TX",0
"Throckmorton, TX",0
"Titus, TX",0
"Tom Green, TX",0
"Travis, TX",0
"Trinity, TX",0
"Tyler, TX",0
"Upshur, TX",0
"Upton, TX",0
"Uvalde, TX",0
"Val Verde, TX",0
"Van Zandt, TX",0
"Victoria, TX",0
"Walker, TX",0
"Waller, TX",0
"Ward, TX",0
"Washington, TX",0
"Webb, TX",0
"Wharton, TX",0
"Wheeler, TX",0
"Wichita, TX",0
"Wilbarger, TX",0
"Willacy, TX",0
"Williamson, TX",0
"Wilson, TX",0
"Winkler, TX",0
"Wise, TX",0
"Wood, TX",0
"Yoakum, TX",0
"Young, TX",0
"Zapata, TX",0
"Zavala, TX",0
"Beaver, UT",0
"Box Elder, UT",0
"Cache, UT",0
"Carbon, UT",0
"Daggett, UT",0
"Davis, UT",0
"Duchesne, UT",0
"Emery, UT",0
"Garfield, UT",0
"Grand, UT",0
"Iron, UT",0
"Juab, UT",0
"Kane, UT",0
"Millard, UT",0
"Morgan, UT",0
"Piute, UT",0
"Rich, UT",0
"Salt Lake, UT",0
"San Juan, UT",0
"Sanpete, UT",0
"Sevier, UT",0
"Summit, UT",0
"Tooele, UT",0
"Uintah, UT",0
"Utah, UT",0
"Wasatch, UT",0
"Washington, UT",0
"Wayne, UT",0
"Weber, UT",0
"Accomack, VA",0
"Albermarle, VA",0
"Alexandria, VA",0
"Alleghany, VA",0
"Amelia, VA",0
"Amherst, VA",0
"Appomattox, VA",0
"Arlington, VA",0
"Augusta, VA",0
"Bath, VA",0
"Bedford Co., VA",0
"Bland, VA",0
"Botetourt, VA",0
"Bristol, VA",0
"Brunswick, VA",0
"Buchanan, VA",0
"Buckingham, VA",0
"Buena Vista, VA",0
"Campbell, VA",0
"Caroline, VA",0
"Carroll, VA",0
"Charles City, VA",0
"Charlotte, VA",0
"Charlottesville, VA",0
"Chesapeake, VA",0
"Chesterfield, VA",0
"Clarke, VA",0
"Colonial Heights, VA",0
"Covington, VA",0
"Craig, VA",0
"Culpeper, VA",0
"Cumberland, VA",0
"Danville, VA",0
"Dickenson, VA",0
"Dinwiddie, VA",0
"Emporia, VA",0
"Essex, VA",0
"Fairfax, VA",0
"Fairfax Co., VA",0
"Falls Church, VA",0
"Fauquier, VA",0
"Floyd, VA",0
"Fluvanna, VA",0
"Franklin, VA",0
"Franklin Co., VA",0
"Frederick, VA",0
"Fredericksburg, VA",0
"Galax, VA",0
"Giles, VA",0
"Gloucester, VA",0
"Goochland, VA",0
"Grayson, VA",0
"Greene, VA",0
"Greensville, VA",0
"Halifax, VA",0
"Hampton, VA",0
"Hanover, VA",0
"Harrisonburg, VA",0
"Henrico, VA",0
"Henry, VA",0
"Highland, VA",0
"Hopewell, VA",0
"Isle of Wight, VA",0
"James City, VA",0
"King George, VA",0
"King William, VA",0
"King and Queen, VA",0
"Lancaster, VA",0
"Lee, VA",0
"Lexington, VA",0
"Loudoun, VA",0
"Louisa, VA",0
"Lunenburg, VA",0
"Lynchburg, VA",0
"Madison, VA",0
"Manassas, VA",0
"Manassas Park, VA",0
"Martinsville, VA",0
"Mathews, VA",0
"Mecklenburg, VA",0
"Middlesex, VA",0
"Montgomery, VA",0
"Nelson, VA",0
"New Kent, VA",0
"Newport News, VA",0
"Norfolk, VA",0
"Northampton, VA",0
"Northumberland, VA",0
"Norton, VA",0
"Nottoway, VA",0
"Orange, VA",0
"Page, VA",0
"Patrick, VA",0
"Petersburg, VA",0
"Pittsylvania, VA",0
"Poquoson, VA",0
"Portsmouth, VA",0
"Powhatan, VA",0
"Prince Edward, VA",0
"Prince George, VA",0
"Prince William, VA",0
"Pulaski, VA",0
"Radford, VA",0
"Rappahannock, VA",0
"Richmond, VA",0
"Richmond Co., VA",0
"Roanoke, VA",0
"Roanoke Co., VA",0
"Rockbridge, VA",0
"Rockingham, VA",0
"Russell, VA",0
"Salem, VA",0
"Scott, VA",0
"Shenandoah, VA",0
"Smyth, VA",0
"Southampton, VA",0
"Spotsylvania, VA",0
"Stafford, VA",0
"Staunton, VA",0
"Suffolk, VA",0
"Surry, VA",0
"Sussex, VA",0
"Tazewell, VA",0
"Virginia Beach, VA",0
"Warren, VA",0
"Washington, VA",0
"Waynesboro, VA",0
"Westmoreland, VA",0
"Williamsburg, VA",0
"Winchester, VA",0
"Wise, VA",0
"Wythe, VA",0
"York, VA",0
"Addison, VT",0
"Bennington, VT",0
"Caledonia, VT",0
"Chittenden, VT",0
"Essex, VT",0
"Franklin, VT",0
"Grand Isle, VT",0
"Lamoille, VT",0
"Orange, VT",0
"Orleans, VT",0
"Rutland, VT",0
"Washington, VT",0
"Windham, VT",0
"Windsor, VT",0
"Adams, WA",0
"Asotin, WA",0
"Benton, WA",0
"Chelan, WA",0
"Clallam, WA",0
"Clark, WA",0
"Columbia, WA",0
"Cowlitz, WA",0
"Douglas, WA",0
"Ferry, WA",0
"Franklin, WA",0
"Garfield, WA",0
"Grant, WA",0
"Grays Harbor, WA",0
"Island, WA",0
"Jefferson, WA",0
"King, WA",0
"Kitsap, WA",0
"Kittitas, WA",0
"Klickitat, WA",0
"Lewis, WA",0
"Lincoln, WA",0
"Mason, WA",0
"Okanogan, WA",0
"Pacific, WA",0
"Pend Oreille, WA",0
"Pierce, WA",0
"San Juan, WA",0
"Skagit, WA",0
"Skamania, WA",0
"Snohomish, WA",0
"Spokane, WA",0
"Stevens, WA",0
"Thurston, WA",0
"Wahkiakum, WA",0
"Walla Walla, WA",0
"Whatcom, WA",0
"Whitman, WA",0
"Yakima, WA",0
"Adams, WI",0
"Ashland, WI",0
"Barron, WI",0
"Bayfield, WI",0
"Brown, WI",0
"Buffalo, WI",0
"Burnett, WI",0
"Calumet, WI",0
"Chippewa, WI",0
"Clark, WI",0
"Columbia, WI",0
"Crawford, WI",0
"Dane, WI",0
"Dodge, WI",0
"Door, WI",0
"Douglas, WI",0
"Dunn, WI",0
"Eau Claire, WI",0
"Florence, WI",0
"Fond du Lac, WI",0
"Forest, WI",0
"Grant, WI",0
"Green, WI",0
"Green Lake, WI",0
"Iowa, WI",0
"Iron, WI",0
"Jackson, WI",0
"Jefferson, WI",0
"Juneau, WI",0
"Kenosha, WI",0
"Kewaunee, WI",0
"La Crosse, WI",0
"Lafayette, WI",0
"Langlade, WI",0
"Lincoln, WI",0
"Manitowoc, WI",0
"Marathon, WI",0
"Marinette, WI",0
"Marquette, WI",0
"Menominee, WI",0
"Milwaukee, WI",0
"Monroe, WI",0
"Oconto, WI",0
"Oneida, WI",0
"Outagamie, WI",0
"Ozaukee, WI",0
"Pepin, WI",0
"Pierce, WI",0
"Polk, WI",0
"Portage, WI",0
"Price, WI",0
"Racine, WI",0
"Richland, WI",0
"Rock, WI",0
"Rusk, WI",0
"Sauk, WI",0
"Sawyer, WI",0
"Shawano, WI",0
"Sheboygan, WI",0
"St. Croix, WI",0
"Taylor, WI",0
"Trempealeau, WI",0
"Vernon, WI",0
"Vilas, WI",0
"Walworth, WI",0
"Washburn, WI",0
"Washington, WI",0
"Waukesha, WI",0
"Waupaca, WI",0
"Waushara, WI",0
"Winnebago, WI",0
"Wood, WI",0
"Barbour, WV",0
"Berkeley, WV",0
"Boone, WV",0
"Braxton, WV",0
"Brooke, WV",0
"Cabell, WV",0
"Calhoun, WV",0
"Clay, WV",0
"Doddridge, WV",0
"Fayette, WV",0
"Gilmer, WV",0
"Grant, WV",0
"Greenbrier, WV",0
"Hampshire, WV",0
"Hancock, WV",0
"Hardy, WV",0
"Harrison, WV",0
"Jackson, WV",0
"Jefferson, WV",0
"Kanawha, WV",0
"Lewis, WV",0
"Lincoln, WV",0
"Logan, WV",0
"Marion, WV",0
"Marshall, WV",0
"Mason, WV",0
"McDowell, WV",0
"Mercer, WV",0
"Mineral, WV",0
"Mingo, WV",0
"Monongalia, WV",0
"Monroe, WV",0
"Morgan, WV",0
"Nicholas, WV",0
"Ohio, WV",0
"Pendleton, WV",0
"Pleasants, WV",0
"Pocahontas, WV",0
"Preston, WV",0
"Putnam, WV",0
"Raleigh, WV",0
"Randolph, WV",0
"Ritchie, WV",0
"Roane, WV",0
"Summers, WV",0
"Taylor, WV",0
"Tucker, WV",0
"Tyler, WV",0
"Upshur, WV",0
"Wayne, WV",0
"Webster, WV",0
"Wetzel, WV",0
"Wirt, WV",0
"Wood, WV",0
"Wyoming, WV",0
"Albany, WY",0
"Big Horn, WY",0
"Campbell, WY",0
"Carbon, WY",0
"Converse, WY",0
"Crook, WY",0
"Fremont, WY",0
"Goshen, WY",0
"Hot Springs, WY",0
"Johnson, WY",0
"Laramie, WY",0
"Lincoln, WY",0
"Natrona, WY",0
"Niobrara, WY",0
"Park, WY",0
"Platte, WY",0
"Sheridan, WY",0
"Sublette, WY",0
"Sweetwater, WY",0
"Teton, WY",0
"Uinta, WY",0
"Washakie, WY",0
"Weston, WY",0
